Income_x,Diabetes_012
1.0,0.3333333333333333
2.0,1.0
3.0,0.0
4.0,0.2857142857142857
5.0,0.3333333333333333
6.0,1.1111111111111112
7.0,0.5
8.0,0.13953488372093023
